<?xml version="1.0" ?>
<QAPairs>
  <Pair>
    <Question>What was the specific legal finding the Supreme Court made regarding the prerequisites for initiating a contribution action under CERCLA Section 113(f)?</Question>
    <Answer>The Court held that the right of contribution under CERCLA Section 113(f) is predicated on CERCLA liability, meaning a settlement of environmental liabilities must resolve a CERCLA-specific liability (not liability under some other law) to trigger the contribution action.</Answer>
  </Pair>
  <Pair>
    <Question>What was the statutory consequence of the U.S. Court of Appeals for the District of Columbia Circuit’s decision to reverse the District Court in the context of CERCLA claims?</Question>
    <Answer>The reversal by the U.S. Court of Appeals for the District of Columbia Circuit implied that Guam's agreement with the EPA *did* trigger CERCLA Section 113, which would have restricted Guam to a three-year statute of limitations for a contribution action (Section 113(f)), instead of the six-year statute of limitations for a cost-recovery action (Section 107).</Answer>
  </Pair>
  <Pair>
    <Question>What specific federal law was the EPA using when it sued Guam in 2002 regarding the Ordot Dump, and what was the outcome of that action?</Question>
    <Answer>The EPA sued Guam under the Clean Water Act. The outcome was an agreement where Guam would pay a civil penalty, close the Ordot Dump (which happened in 2011), and design a cover system.</Answer>
  </Pair>
  <Pair>
    <Question>When did the United States acquire control of Guam, and when was sovereignty over the island relinquished by the Navy to a civilian government?</Question>
    <Answer>The United States captured Guam from Spain in 1898. The Navy maintained military rule until 1950, when the Guam Organic Act formally transferred power to Guam’s newly formed civilian government, though Guam remains an “unincorporated territory of the United States”.</Answer>
  </Pair>
  <Pair>
    <Question>What contaminants were allegedly disposed of at the Ordot Dump, and where were the resulting contaminants ultimately released?</Question>
    <Answer>The waste allegedly included munitions and chemicals such as DDT and Agent Orange. Contaminants were released into the Lonfit River, which flows into the Pacific Ocean.</Answer>
  </Pair>
  <Pair>
    <Question>What was the specific interpretation of CERCLA Section 113(f) that allowed Guam to proceed with its lawsuit against the United States?</Question>
    <Answer>The interpretation was that the right of contribution under CERCLA is based on CERCLA liability, and because Guam’s prior agreement with the EPA resolved liability under the Clean Water Act (not CERCLA), the statute of limitations for a CERCLA contribution action was not triggered.</Answer>
  </Pair>
  <Pair>
    <Question>In what year was the Navy designated a potentially responsible party for the Ordot Dump, and when did Guam file its lawsuit against the United States?</Question>
    <Answer>The EPA designated the Navy as a potentially responsible party in 1988. Guam filed its lawsuit against the United States in 2017.</Answer>
  </Pair>
  <Pair>
    <Question>In the 2017 suit, what specific CERCLA sections did Guam rely upon for its claims against the United States, and what are the respective statutes of limitations for those sections?</Question>
    <Answer>Guam relied on Section 107 for a “cost-recovery” action, which has a six-year statute of limitations, and Section 113(f) for a “contribution” action, which has a three-year statute of limitations.</Answer>
  </Pair>
  <Pair>
    <Question>Why was Guam considered the owner and operator of the Ordot Dump despite the Navy's role in its construction and use?</Question>
    <Answer>Guam was considered the owner and operator because the Navy had relinquished sovereignty over the island, which made Guam the owner and operator, even though the Navy constructed and used the dump from the 1940s through the Korean and Vietnam Wars.</Answer>
  </Pair>
  <Pair>
    <Question>What was the final disposition of the case, including the vote count and the identity of the justice who authored the opinion?</Question>
    <Answer>The final disposition was that the Supreme Court affirmed that Guam can pursue its lawsuit against the federal government, resulting in Guam being the winning party. The decision was unanimous (9-0), and Justice Clarence Thomas authored the opinion of the Court.</Answer>
  </Pair>
</QAPairs>
