<?xml version="1.0" ?>
<QAPairs>
  <Pair>
    <Question>What was the specific statutory provision of the Clean Air Act at the center of the dispute regarding the small refinery hardship exemption?</Question>
    <Answer>The central provision of the dispute was Section 7545(o)(9)(B)(i) of the Renewable Fuel Standards.</Answer>
  </Pair>
  <Pair>
    <Question>What legal conclusion did the Tenth Circuit reach that the Supreme Court ultimately reversed, regarding the continuity requirement for the small refinery exemption?</Question>
    <Answer>The Tenth Circuit found that a small refinery may obtain an exemption only when it had received uninterrupted, continuous extensions of the exemption for every year since 2011.</Answer>
  </Pair>
  <Pair>
    <Question>What were the three textual clues cited by the majority opinion to support the interpretation that &quot;extension&quot; under the statute meant an extension in time, rather than requiring unbroken continuity?</Question>
    <Answer>The majority opinion cited three textual clues indicating that &quot;extension&quot; means an extension in time, and that the plain meaning of the word in a temporal sense does not require unbroken continuity.</Answer>
  </Pair>
  <Pair>
    <Question>What specific legislation amended the Clean Air Act to create the Renewable Fuel Standards program and the associated small refinery exemption?</Question>
    <Answer>Congress amended the Clean Air Act through the Energy Policy Act of 2005.</Answer>
  </Pair>
  <Pair>
    <Question>What was the stated legislative goal of the congressional act that amended the Clean Air Act and established the renewable fuel targets?</Question>
    <Answer>The stated goal was an effort to reduce the nation’s dependence on fossil fuels by setting targets for replacing fossil fuels with renewable fuels.</Answer>
  </Pair>
  <Pair>
    <Question>What were the specific actions taken by the EPA that led to the legal challenge by the group of renewable fuels producers?</Question>
    <Answer>The EPA promulgated three different orders that granted extensions of the small refinery exemption, which were challenged on the basis that they exceeded the EPA’s statutory authority.</Answer>
  </Pair>
  <Pair>
    <Question>What was the key textual counterpoint made by the majority opinion concerning the absence of specific modifiers in the statute relating to the term &quot;extension&quot;?</Question>
    <Answer>The majority noted that without modifiers like “successive” or “consecutive,” nothing in the statute suggests that a lapse in coverage precludes the extension.</Answer>
  </Pair>
  <Pair>
    <Question>What was the fundamental difference between the majority and dissenting opinions regarding the definition of &quot;extension&quot; as applied to the small refinery hardship exemption?</Question>
    <Answer>The majority concluded that &quot;extension&quot; meant an extension in time that did not require unbroken continuity. The dissent argued that &quot;extension&quot; limits the EPA to prolonging exemptions currently in place, meaning the EPA cannot &quot;extend&quot; an exemption that a refinery no longer has.</Answer>
  </Pair>
  <Pair>
    <Question>What specific economic criterion must a small refinery meet to qualify for the exemption under the relevant statute?</Question>
    <Answer>A small refinery may receive an exemption if compliance in a given year would impose disproportionate economic hardship.</Answer>
  </Pair>
  <Pair>
    <Question>What was the final decision of the Supreme Court, including the vote distribution and the winning party?</Question>
    <Answer>The Supreme Court held that a small refinery that previously received a hardship exemption may obtain an “extension” even if it saw a lapse in coverage in a previous year. The decision was 6-3, with HollyFrontier (the refineries) being the winning party.</Answer>
  </Pair>
</QAPairs>
