<?xml version="1.0" ?>
<QAPairs>
  <Pair>
    <Question>What specific category of benefits did the Division 1 football and basketball players successfully challenge as violating the Sherman Act?</Question>
    <Answer>The athletes successfully challenged the NCAA’s restrictions on “non-cash education-related benefits”.</Answer>
  </Pair>
  <Pair>
    <Question>What was the central standard of antitrust review the Supreme Court affirmed as appropriate for this case, and whose call for a different standard did the Court reject?</Question>
    <Answer>The Court affirmed that the traditional “rule of reason” standard was appropriate in this case and rejected the NCAA’s call for a more deferential standard.</Answer>
  </Pair>
  <Pair>
    <Question>What types of academic benefits did the District Court specifically require the NCAA to allow as a result of the injunction?</Question>
    <Answer>The District Court required the NCAA to allow for academic benefits such as “computers, science equipment, musical instruments and other tangible items not included in the cost of attendance calculation but nonetheless related to the pursuit of academic studies”.</Answer>
  </Pair>
  <Pair>
    <Question>What was the scope limitation of the Supreme Court's ruling regarding NCAA compensation rules that are &quot;untethered to education&quot;?</Question>
    <Answer>The Court did not pass judgment on the NCAA’s rules “untethered to education” because the student-athletes who brought the lawsuit did not appeal the Ninth Circuit’s ruling upholding those specific rules.</Answer>
  </Pair>
  <Pair>
    <Question>According to the District Court's original ruling, what forms of compensation for academic purposes did the NCAA still retain the authority to limit?</Question>
    <Answer>The District Court held that the NCAA may still limit cash or cash-equivalent awards for academic purposes.</Answer>
  </Pair>
  <Pair>
    <Question>What prior Supreme Court case did the NCAA rely upon to argue for a less stringent antitrust analysis for eligibility standards, and in what year was that prior case decided?</Question>
    <Answer>The NCAA relied upon NCAA v. Board of Regents of the University of Oklahoma, which was decided in 1984 (468 U.S. 85).</Answer>
  </Pair>
  <Pair>
    <Question>What was the significance of the 1984 *Board of Regents* case in terms of antitrust law application to the NCAA, even though the issue in *Alston* was different?</Question>
    <Answer>In the 1984 *Board of Regents* case, the Supreme Court held that the NCAA’s rules regarding eligibility standards for college athletes were subject to a different and less stringent analysis than other types of antitrust cases.</Answer>
  </Pair>
  <Pair>
    <Question>What conclusion did Justice Kavanaugh reach in his concurring opinion regarding the NCAA’s remaining compensation rules that were not directly before the Court?</Question>
    <Answer>Justice Kavanaugh concluded that the same traditional &quot;rule of reason&quot; analysis would apply to the remaining rules and that &quot;there are serious questions whether the NCAA’s remaining compensation rules can pass muster under ordinary rule of reason scrutiny&quot;.</Answer>
  </Pair>
  <Pair>
    <Question>What specific interest did the Ninth Circuit Court of Appeals recognize on the part of the NCAA when it affirmed the District Court’s ruling against the NCAA?</Question>
    <Answer>The Ninth Circuit recognized the NCAA’s interest in “preserving amateurism” but concluded nevertheless that its practices violated antitrust law.</Answer>
  </Pair>
  <Pair>
    <Question>What was the outcome of the case in the Supreme Court, including the final vote count and the identity of the justice who wrote the majority opinion?</Question>
    <Answer>The Supreme Court upheld the trial court’s ruling that the NCAA’s rules restricting certain education-related benefits violate federal antitrust laws. The decision was unanimous (9-0), with Justice Neil Gorsuch writing the opinion of the Court.</Answer>
  </Pair>
</QAPairs>
