<?xml version="1.0" ?>
<QAPairs>
  <Pair>
    <Question>What are the three specific statutory requirements under 8 U.S.C. § 1326(d) that a defendant must prove to successfully move to dismiss an indictment for illegal reentry based on the invalidity of the underlying deportation order?</Question>
    <Answer>The defendant must prove that (1) he exhausted any administrative remedies that may have been available to seek relief against the order; (2) he was deprived of the opportunity for judicial review at the deportation hearing; and (3) that the deportation order was fundamentally unfair.</Answer>
  </Pair>
  <Pair>
    <Question>What was the specific conviction that led to Palomar-Santiago's 1991 deportation, and how was that conviction classified at the time to justify the removal?</Question>
    <Answer>Palomar-Santiago was convicted of a felony DUI in California. At the time, a DUI was classified as a &quot;crime of violence&quot; under 18 U.S.C. § 16, and a felony DUI was classified as an &quot;aggravated felony&quot; for the purposes of 8 U.S.C. § 1101(a)(43).</Answer>
  </Pair>
  <Pair>
    <Question>What was the central flaw the Supreme Court identified in the Ninth Circuit's precedent regarding the requirements for collaterally attacking a prior deportation order under Section 1326(d)?</Question>
    <Answer>The Supreme Court found the Ninth Circuit’s interpretation—that the first two statutory elements (exhaustion and deprivation of judicial review) were not required if the underlying crime was improperly characterized as an aggravated felony—was incompatible with the text of Section 1326(d), which mandates that defendants &quot;may not&quot; challenge the order &quot;unless&quot; they &quot;demonstrat[e]&quot; each of the three conditions.</Answer>
  </Pair>
  <Pair>
    <Question>What legal development in the Ninth Circuit created the potential for Palomar-Santiago to collaterally attack his 1991 deportation order, and what two cases established this change?</Question>
    <Answer>The Ninth Circuit precedent changed its classification of a DUI, first holding that it is not a &quot;crime of violence&quot; and then holding that classification to apply retroactively. This change was established in United States v. Trinidad-Aquino, 259 F.3d 1140 (2001), and United States v. Aguilera-Rios, 769 F.3d 626 (2013).</Answer>
  </Pair>
  <Pair>
    <Question>What was the reason provided by the Supreme Court for why the exhaustion of administrative remedies requirement in Section 1326(d) is essential, even if a noncitizen challenges the underlying crime?</Question>
    <Answer>The Court noted that the exhaustion requirement exists &quot;precisely so noncitizens can challenge the substance of immigration judges’ decisions,&quot; implying it is required whether the challenge is procedural or substantive.</Answer>
  </Pair>
  <Pair>
    <Question>What was the ultimate determination by the District Court regarding Palomar-Santiago's claims under the prevailing Ninth Circuit precedent?</Question>
    <Answer>The District Court held that Palomar-Santiago met his burden by showing his crime was improperly characterized as an aggravated felony and that he was wrongfully removed from the United States.</Answer>
  </Pair>
  <Pair>
    <Question>What was the Government's primary argument on appeal to the Ninth Circuit, aside from disputing the application of circuit precedent?</Question>
    <Answer>The federal government argued that the circuit precedent itself was wrong (but the Ninth Circuit panel affirmed because it lacked authority to overturn its own precedent).</Answer>
  </Pair>
  <Pair>
    <Question>What was the holding of the Supreme Court regarding the application of the Section 1326(d) requirements to different types of removal order challenges?</Question>
    <Answer>The Court held that all of the requirements of Section 1326(d) apply regardless of whether the defendant alleges the removal order was procedurally flawed or substantively invalid.</Answer>
  </Pair>
  <Pair>
    <Question>What specific federal criminal statute was Palomar-Santiago charged with violating when he returned to the United States without authorization?</Question>
    <Answer>He was indicted for illegal reentry after deportation under 8 U.S.C. § 1326.</Answer>
  </Pair>
  <Pair>
    <Question>What was the result of the Supreme Court's decision for the parties involved, including the vote count and the author of the opinion?</Question>
    <Answer>The United States was the winning party. The Court held that a defendant must prove each statutory requirement of 8 U.S.C. § 1326(d). The decision was unanimous (9-0), and Justice Sonia Sotomayor authored the opinion.</Answer>
  </Pair>
</QAPairs>
