<?xml version="1.0" ?>
<QAPairs>
  <Pair>
    <Question>What was the specific subject matter of the patents (U.S. Patent Nos. 6,872,183 and 9,095,348) that Hologic, Inc. sued Minerva Surgical, Inc. for infringing?</Question>
    <Answer>The patents relate to procedures and devices for endometrial ablation, which is a treatment involving the destruction of the lining of the uterus to treat menorrhagia (abnormally heavy menstrual bleeding).</Answer>
  </Pair>
  <Pair>
    <Question>Under the majority holding, what is the precise condition under which an assignor defendant in a patent infringement action can be barred from asserting a defense of invalidity by the doctrine of assignor estoppel?</Question>
    <Answer>The assignor defendant can be barred from asserting an invalidity defense if, and only if, the assignor’s claim of invalidity contradicts explicit or implicit representations the assignor made in assigning the patent.</Answer>
  </Pair>
  <Pair>
    <Question>Who was the inventor listed on the patents at issue, and what was their relationship to both the plaintiff (Hologic) and the accused infringer (Minerva Surgical)?</Question>
    <Answer>The inventor was Csaba Truckai. He assigned his interests in both patents to NovaCept, Inc., which was subsequently acquired by a company Hologic later acquired, making Hologic the current assignee. Truckai later founded the accused infringer, Minerva Surgical, in 2008.</Answer>
  </Pair>
  <Pair>
    <Question>What specific error did the Supreme Court identify in the Federal Circuit’s application of the assignor estoppel doctrine in this case?</Question>
    <Answer>The Supreme Court found that the Federal Circuit erred by not considering whether Hologic’s new claim was materially broader than the ones Truckai had assigned. A materially broader claim would suggest Truckai could not have warranted its validity when making the assignment, limiting the application of assignor estoppel.</Answer>
  </Pair>
  <Pair>
    <Question>What procedural step immediately preceded the Supreme Court review, and what was the ruling from that lower court?</Question>
    <Answer>The case was before the Supreme Court on a Writ of certiorari to the United States Court of Appeals for the Federal Circuit. The Court of Appeals affirmed the lower court’s grant of summary judgment to Hologic based on the doctrine of assignor estoppel.</Answer>
  </Pair>
  <Pair>
    <Question>What were the core arguments presented by Minerva Surgical, Inc. at the district court level for asserting the invalidity of the patents?</Question>
    <Answer>Minerva Surgical asserted that the patents were invalid based on lack of enablement, failure to provide an adequate written description, and were not patentable due to prior art.</Answer>
  </Pair>
  <Pair>
    <Question>What is the rationale for the doctrine of assignor estoppel, as cited by the majority opinion, and what is its historical origin?</Question>
    <Answer>The doctrine is grounded in a principle of fairness, specifically that an inventor who warrants a patent claim is valid and assigns it should not later be able to deny its validity. It dates back to late 18th-century England.</Answer>
  </Pair>
  <Pair>
    <Question>In which U.S. Supreme Court case was the doctrine of assignor estoppel first recognized and approved in American jurisprudence, and what year was that decision?</Question>
    <Answer>The U.S. Supreme Court first recognized and approved the doctrine in Westinghouse Electric &amp; Manufacturing Co. v. Formica Insulation Co., decided in 1924 (266 U.S. 342).</Answer>
  </Pair>
  <Pair>
    <Question>What was the specific product developed by Minerva Surgical that Hologic alleged infringed its patents, and what year did it receive FDA approval?</Question>
    <Answer>Minerva Surgical developed the Endometrial Ablation System (EAS), which received FDA approval in 2015 for the same indication as Hologic’s NovaSure system.</Answer>
  </Pair>
  <Pair>
    <Question>What was the central argument of Justice Barrett’s dissent regarding the continued applicability of the assignor estoppel doctrine?</Question>
    <Answer>Justice Barrett, joined by Justices Thomas and Gorsuch, argued that the Patent Act of 1952 does not incorporate the doctrine of assignor estoppel, and therefore, the doctrine should no longer apply.</Answer>
  </Pair>
</QAPairs>
