<?xml version="1.0" ?>
<QAPairs>
  <Pair>
    <Question>What was the specific quantity and substance for which Tarahrick Terry was convicted, and what was the statutory penalty range he initially faced due to his prior convictions?</Question>
    <Answer>Terry pleaded guilty to possession with intent to distribute a substance containing a &quot;detectable&quot; amount of cocaine base (3.9 grams). Based on his prior convictions, the statutory term of imprisonment was 0 to 30 years.</Answer>
  </Pair>
  <Pair>
    <Question>According to the Supreme Court’s interpretation, what specific condition must an offender's prior crack cocaine offense have triggered for it to be considered a &quot;covered offense&quot; eligible for a sentence reduction under the First Step Act?</Question>
    <Answer>A sentence reduction is available only if an offender’s prior conviction of a crack cocaine offense triggered a mandatory minimum sentence.</Answer>
  </Pair>
  <Pair>
    <Question>What are the two key reasons why Terry’s offense under 21 U.S.C. § 841(b)(1)(C) was definitively determined not to be a &quot;covered offense&quot; by the majority?</Question>
    <Answer>First, the Fair Sentencing Act modified the statutory penalties only for offenses that triggered mandatory-minimum penalties. Second, Terry was convicted for an offense that does not have a mandatory minimum.</Answer>
  </Pair>
  <Pair>
    <Question>What two key changes did the Fair Sentencing Act of 2010 make that Terry believed would have made him eligible for sentence reduction under the First Step Act?</Question>
    <Answer>Terry believed the Fair Sentencing Act made him eligible because it raised the weight ceiling of § 841(b) from 5 grams of cocaine base to 28 grams.</Answer>
  </Pair>
  <Pair>
    <Question>What was the specific statutory argument used by the District Court to deny Terry's motion for a sentence reduction?</Question>
    <Answer>The District Court denied the motion by concluding that the Fair Sentencing Act did not expressly amend § 841(b)(1)(C), and therefore Terry’s offense was not a &quot;covered offense&quot; under the First Step Act.</Answer>
  </Pair>
  <Pair>
    <Question>What is the precise definition of a &quot;covered offense&quot; as established by the First Step Act, and what does the First Step Act make retroactive?</Question>
    <Answer>The Act defines a &quot;covered offense&quot; as &quot;a violation of a Federal criminal statute, the statutory penalties for which were modified by&quot; certain provisions in the Fair Sentencing Act. The First Step Act made retroactive the statutory penalties for certain offenses committed before August 3, 2010.</Answer>
  </Pair>
  <Pair>
    <Question>What was Justice Sotomayor’s primary objection to the majority opinion, and what were the two statuses that prevented Terry from receiving a sentence reflective of the reduced severity of his crime?</Question>
    <Answer>Justice Sotomayor primarily objected to the majority’s &quot;sanitized&quot; description of the history of penalties for crack offenses. Terry was prevented from getting a chance at a lower sentence because he was convicted under subparagraph (C) and sentenced as a career offender.</Answer>
  </Pair>
  <Pair>
    <Question>What was Terry's original sentence in months and what was the length of his supervised release term?</Question>
    <Answer>The district court sentenced Terry to 188 months’ imprisonment with 6 years’ supervised release.</Answer>
  </Pair>
  <Pair>
    <Question>What must a pre-August 3, 2010, crack offender demonstrate to be eligible for a sentence reduction under Section 404 of the First Step Act, according to the statutory language cited in the holding?</Question>
    <Answer>An offender is eligible for a sentence reduction only if he previously received &quot;a sentence for a covered offense&quot;.</Answer>
  </Pair>
  <Pair>
    <Question>What was the final disposition of the case, including the vote count and the identity of the Justice who authored the majority opinion?</Question>
    <Answer>The Supreme Court held that crack offenders sentenced under 21 U.S.C. § 841(b)(1)(C) do not have a &quot;covered offense&quot; under Section 404 of the First Step Act. The decision was a unanimous (9-0) ruling for the United States, with Justice Clarence Thomas authoring the majority opinion.</Answer>
  </Pair>
</QAPairs>
