<?xml version="1.0" ?>
<QAPairs>
  <Pair>
    <Question>What is the precise name of the river basin that is the subject of the water-rights dispute between Florida and Georgia?</Question>
    <Answer>The dispute involves the waters of the Apalachicola-Chattahoochee-Flint River Basin.</Answer>
  </Pair>
  <Pair>
    <Question>What specific injury did Florida allege it suffered, and what was the cause that Florida attributed to Georgia’s overconsumption?</Question>
    <Answer>The harm Florida alleged it suffered was the collapse of its oyster fisheries, which Florida claimed was caused by Georgia’s overconsumption of interstate waters.</Answer>
  </Pair>
  <Pair>
    <Question>What heightened standard of proof was Florida required to meet to succeed on its claim for equitable apportionment?</Question>
    <Answer>Florida was required to show by the heightened standard of “clear and convincing evidence” that the harm it suffered was caused by Georgia’s overconsumption.</Answer>
  </Pair>
  <Pair>
    <Question>What two factors, other than Georgia’s overconsumption, did the record evidence establish as contributing to the collapse of Florida’s fisheries?</Question>
    <Answer>The record evidence established that increased salinity and predation contributed to the collapse of Florida’s fisheries.</Answer>
  </Pair>
  <Pair>
    <Question>What was the exact nature of the required causal link that the Supreme Court determined Florida failed to establish?</Question>
    <Answer>Florida failed to establish that Georgia’s overconsumption of interstate waters was either a substantial factor contributing to, or the sole cause of, Florida’s injuries.</Answer>
  </Pair>
  <Pair>
    <Question>What was the procedural designation of this case at the Supreme Court level, indicating the Court's role in hearing the dispute?</Question>
    <Answer>The case was before the Supreme Court under its Original jurisdiction.</Answer>
  </Pair>
  <Pair>
    <Question>What was the disposition of Florida's exceptions to the Special Master's report, and what was the ultimate order regarding the case?</Question>
    <Answer>Florida’s exceptions to the findings of the Special Master’s report were overruled, and the case was dismissed.</Answer>
  </Pair>
  <Pair>
    <Question>What specific relief, in addition to equitable apportionment, did Florida seek against Georgia to sustain the Apalachicola Region?</Question>
    <Answer>Florida sought appropriate injunctive relief against Georgia to sustain an adequate flow of fresh water into the Apalachicola Region.</Answer>
  </Pair>
  <Pair>
    <Question>What conclusion did the Court reach regarding the link between Georgia’s overconsumption and the established contributing factors to the fishery collapse?</Question>
    <Answer>The Court concluded that the record evidence did not establish that Georgia’s overconsumption caused the increased salinity and predation.</Answer>
  </Pair>
  <Pair>
    <Question>What was the final vote count and the identity of the Justice who authored the unanimous opinion of the Court?</Question>
    <Answer>The decision was unanimous (9-0) in favor of Georgia, and Justice Amy Coney Barrett authored the opinion.</Answer>
  </Pair>
</QAPairs>
