<?xml version="1.0" ?>
<QAPairs>
  <Pair>
    <Question>What was the specific First Amendment claim asserted by the Roman Catholic Diocese of Brooklyn and the Orthodox Jewish synagogues against the Governor's executive order?</Question>
    <Answer>The organizations claimed the executive order violated their First Amendment right to the free exercise of religion, particularly because secular businesses deemed &quot;essential&quot; were permitted to remain open in the same restricted areas.</Answer>
  </Pair>
  <Pair>
    <Question>What were the distinct fixed numerical attendance restrictions imposed on worship services in the &quot;red,&quot; &quot;orange,&quot; and &quot;yellow&quot; COVID-19 cluster zones under Governor Cuomo's executive order?</Question>
    <Answer>In a &quot;red&quot; zone, attendance at worship services was limited to 10 people. In an &quot;orange&quot; zone, attendance was limited to 25 people. In a &quot;yellow&quot; zone, attendance was limited to 50% of the building’s capacity.</Answer>
  </Pair>
  <Pair>
    <Question>What specific legal standard did the Supreme Court determine the state restrictions failed to meet when assessing the likelihood of success on the First Amendment claim?</Question>
    <Answer>The Court held that the applicants had made a &quot;strong&quot; showing that the challenged restrictions violated a &quot;minimum requirement of neutrality&quot; by specifically naming religious entities for restrictions while allowing secular businesses categorized as &quot;essential&quot; to remain open.</Answer>
  </Pair>
  <Pair>
    <Question>What legal justification did the Court provide for finding that the denial of relief would cause irreparable injury to the applicants?</Question>
    <Answer>The Court noted that &quot;the loss of First Amendment freedoms, for even minimal periods of time, unquestionably constitutes irreparable injury&quot;.</Answer>
  </Pair>
  <Pair>
    <Question>What was the primary reason Chief Justice Roberts and Justice Breyer cited in their dissenting opinions for why an injunction should not have been granted at the time of the ruling?</Question>
    <Answer>They both argued there was no need to grant injunctive relief because Governor Cuomo had already reversed the designations of the affected areas, meaning the religious services were no longer subject to the fixed numerical restrictions they challenged.</Answer>
  </Pair>
  <Pair>
    <Question>What was the key piece of evidence that led the Court to conclude that granting the injunction would not harm the public interest?</Question>
    <Answer>The Court found that the government had not demonstrated that the requested relief would harm the public, as it did not claim that attendance at the applicants’ services resulted in the spread of disease.</Answer>
  </Pair>
  <Pair>
    <Question>What specific type of restriction was New York enjoined from enforcing against the applicants as a result of the Court's decision?</Question>
    <Answer>New York was enjoined from enforcing fixed numerical restrictions on occupancy against the applicants.</Answer>
  </Pair>
  <Pair>
    <Question>What general principle did Justice Breyer argue the Court's precedents support regarding elected officials acting during public health crises?</Question>
    <Answer>Justice Breyer argued that the Court’s precedents recognize the importance of courts granting elected officials broad discretion when they must act on the basis of uncertain and rapidly changing medical and scientific information.</Answer>
  </Pair>
  <Pair>
    <Question>What procedural characteristic marked the issuance of the Supreme Court's opinion in this case?</Question>
    <Answer>The Court issued a per curiam (unsigned) opinion that was issued without argument.</Answer>
  </Pair>
  <Pair>
    <Question>What was the final vote count and the identity of the winning party regarding the application for injunctive relief?</Question>
    <Answer>The application for injunctive relief was granted with a 5-4 majority, and the Roman Catholic Diocese was the winning party.</Answer>
  </Pair>
</QAPairs>
