<?xml version="1.0" ?>
<QAPairs>
  <Pair>
    <Question>What procedural mechanism allows a party to seek Supreme Court review of a Pecos River Master's calculation, and what is the required deadline?</Question>
    <Answer>A party may seek the Supreme Court's review of the River Master's calculations within 30 days of the final determination.</Answer>
  </Pair>
  <Pair>
    <Question>What was the River Master's specific action regarding New Mexico's untimely 2018 motion, and how did this affect the prior 2015 report?</Question>
    <Answer>Rather than dismiss the untimely objection, the River Master modified the governing manual to allow retroactive changes to final reports, gave that modification retroactive effect, and amended the 2015 report to credit New Mexico for the evaporative loss.</Answer>
  </Pair>
  <Pair>
    <Question>What was the specific factual event in 2014 and 2015 that led to the dispute over evaporative loss credits?</Question>
    <Answer>After heavy rainfall in 2014 and 2015, a federally owned reservoir in New Mexico retained large amounts of flood waters in the Pecos Basin, and when the authority to hold the water expired, it was released.</Answer>
  </Pair>
  <Pair>
    <Question>What was the Supreme Court's rationale for denying Texas's objection that New Mexico's motion for credit for evaporated water was untimely?</Question>
    <Answer>The Court reasoned that because Texas and New Mexico agreed to postpone the River Master’s resolution of the evaporated water issue, neither party could object to the negotiation procedure the River Master outlined for resolving the dispute.</Answer>
  </Pair>
  <Pair>
    <Question>What action did Texas take with the flood waters released from the federal reservoir, and why?</Question>
    <Answer>Texas could not use the released water, so it also released the water to make room for water flowing from New Mexico.</Answer>
  </Pair>
  <Pair>
    <Question>What was the River Master's original decision for the 2014 and 2015 calculations that New Mexico later challenged in 2018?</Question>
    <Answer>The River Master did not reduce Texas's rights to delivery based on the evaporation of water stored in the federal reservoir in New Mexico that Texas could not use.</Answer>
  </Pair>
  <Pair>
    <Question>What was the procedural designation of this case at the Supreme Court level, indicating why the Court heard it directly?</Question>
    <Answer>The case was heard under the Supreme Court's Original jurisdiction.</Answer>
  </Pair>
  <Pair>
    <Question>What was the basis for Texas's request for New Mexico to store water at a New Mexico facility, as noted in the majority opinion?</Question>
    <Answer>Texas’s request was based on Texas’s understanding that the water belonged to Texas.</Answer>
  </Pair>
  <Pair>
    <Question>What was the nature of the agreement between the states that the River Master is tasked with enforcing?</Question>
    <Answer>Texas and New Mexico entered into the Pecos River Compact to resolve disputes about the Pecos River.</Answer>
  </Pair>
  <Pair>
    <Question>What was the ultimate outcome of Texas's motion, including the vote distribution and the author of the majority opinion?</Question>
    <Answer>Texas’s motion to review the Pecos River Master’s determination was denied. The decision was an 8-0 ruling for New Mexico, authored by Justice Brett Kavanaugh.</Answer>
  </Pair>
</QAPairs>
