<?xml version="1.0" ?>
<QAPairs>
  <Pair>
    <Question>What is the precise definition of an &quot;Indian tribe&quot; provided within the Indian Self-Determination and Education Assistance Act (ISDA), which was central to the CARES Act funding dispute?</Question>
    <Answer>ISDA defines an “Indian tribe” as “any Indian tribe, band, nation, or other organized group or community, including any Alaska Native village or regional or village corporation as defined in or established pursuant to the Alaska Native Claims Settlement Act (85 Stat. 688), which is recognized as eligible for the special programs and services provided by the United States to Indians because of their status as Indians”.</Answer>
  </Pair>
  <Pair>
    <Question>What was the specific statutory argument used by the majority to conclude that Alaska Native Corporations (ANCs) satisfy the &quot;recognized-as-eligible&quot; clause of the ISDA definition?</Question>
    <Answer>The majority determined that the Alaska Native Claims Settlement Act (ANCSA) is the only statute the ISDA’s “Indian tribe” definition mentions by name, thus eligibility for ANCSA’s benefits satisfies the definition’s final “recognized-as-eligible” clause.</Answer>
  </Pair>
  <Pair>
    <Question>Which title of the CARES Act contained the funding for &quot;Indian Tribes,&quot; and what was the Department of the Treasury's initial conclusion regarding the eligibility of ANCs for these funds?</Question>
    <Answer>Title V of the Coronavirus Aid, Relief, and Economic Security Act (CARES Act) made funds available to &quot;Indian Tribe[s]&quot;. The Department of the Treasury concluded that ANCs were eligible to receive Title V funds.</Answer>
  </Pair>
  <Pair>
    <Question>What types of corporations did the Alaska Native Claims Settlement Act (ANCSA) of 1971 authorize for the purpose of receiving money and land?</Question>
    <Answer>ANCSA authorized the creation of two types of corporations: Alaska Native Regional Corporations and Alaska Native Village Corporations (collectively ANCs).</Answer>
  </Pair>
  <Pair>
    <Question>What specific concession did the government make regarding the historical recognition of ANCs, despite arguing for their inclusion in the ISDA definition?</Question>
    <Answer>The government conceded that ANCs have not been historically recognized as eligible for special programs and services because of their status as Indians.</Answer>
  </Pair>
  <Pair>
    <Question>What was the reasoning provided by the District Court when it initially ruled in favor of the ANCs?</Question>
    <Answer>The district court granted summary judgment to the defendants (ANCs), finding that ANCs must qualify as Indian tribes to give effect to their express inclusion in the ISDA definition, even though no ANC has been recognized as an Indian tribe.</Answer>
  </Pair>
  <Pair>
    <Question>What was the core reason cited by the U.S. Court of Appeals for the District of Columbia Circuit when it reversed the district court’s ruling?</Question>
    <Answer>The U.S. Court of Appeals for the District of Columbia reversed, holding that ANCs are not eligible for funding under Title V of the CARES Act because they are not “recognized” as Indian tribes.</Answer>
  </Pair>
  <Pair>
    <Question>What was Justice Gorsuch's primary textual argument in his dissent against the majority’s holding that ANCs are &quot;Indian tribes&quot; under ISDA?</Question>
    <Answer>Justice Gorsuch argued that the plain language and construction of the ISDA suggest that ANCs are not “Indian tribes,” supported by analogy to another statute with &quot;nearly identical language in remarkably similar contexts,&quot; and that the majority overlooked the critical statutory word “recognized”.</Answer>
  </Pair>
  <Pair>
    <Question>How many federally recognized tribes from Alaska and the lower 48 states challenged the Treasury Department’s determination, and what was the central nature of their argument?</Question>
    <Answer>Six federally recognized tribes in Alaska and twelve federally recognized tribes in the lower 48 states (a total of 18 tribes) challenged the determination. They argued that ANCs are not “Indian Tribes” within the meaning of the CARES Act or ISDA.</Answer>
  </Pair>
  <Pair>
    <Question>What was the final disposition of the case, including the identity of the winning party and the vote breakdown?</Question>
    <Answer>The Supreme Court ruled that Alaska Native Corporations are “Indian tribe[s]” and thus eligible for CARES Act Title V funding. The winning party was Yellen (representing the Treasury Department/ANCs), and the decision was a 5-4 majority.</Answer>
  </Pair>
</QAPairs>
